"id","nombre","apellido","edad","sexo","altura_cliente","peso_cliente","pago_mensual","tipo_entrenamiento","time_in_gym","fecha_registro","fecha_nacimiento","estado_cliente"
"1","Cliente1","Apellido1","47","Masculino","151.9","61.41","228.37","Funcional","2","2015-08-16","2020-11-13","1"
"2","Cliente2","Apellido2","42","Femenino","143.92","84.76","137.31","Flexibilidad","4","2012-10-29","1978-08-09","1"
"3","Cliente3","Apellido3","44","Femenino","170.6","86.23","161.45","Aeróbico","7","2020-01-03","2007-12-05","1"
"4","Cliente4","Apellido4","29","Femenino","159.8","81.29","241.14","Fuerza","7","2005-07-25","1985-11-22","1"
"5","Cliente5","Apellido5","39","Masculino","152.57","81.11","146.55","Funcional","3","1992-05-28","2015-11-23","1"
"6","Cliente6","Apellido6","45","Masculino","175.64","42.91","163.92","Fuerza","8","1978-11-09","2017-03-25","1"
"7","Cliente7","Apellido7","47","Masculino","158.2","90.13","212.40","Aeróbico","3","1974-07-07","1974-09-21","1"
"8","Cliente8","Apellido8","47","Femenino","161.4","99.99","128.90","Flexibilidad","6","2000-01-07","2004-09-28","1"
"9","Cliente9","Apellido9","33","Masculino","145.77","83.91","95.26","Flexibilidad","0","2014-06-13","1974-12-27","1"
"10","Cliente10","Apellido10","28","Femenino","171.39","77.81","209.40","Normal","0","2018-04-23","2006-03-20","1"
"11","Cliente11","Apellido11","31","Masculino","160.29","41.05","163.13",,"1","1995-04-25","2006-04-14","1"
"12","Cliente12","Apellido12","19","Masculino","140.14","57.93","146.59","Aeróbico","1","2016-03-01","2004-12-14","1"
"13","Cliente13","Apellido13","31","Masculino","143.09","47.8","133.61","Fuerza","2","2017-10-07","1978-05-12","1"
"14","Cliente14","Apellido14","24","Masculino","170.11","96.32","136.97","Funcional","4","2006-03-27","2006-10-23","1"
"15","Cliente15","Apellido15","38","Masculino","157.04","56.31","66.24","Fuerza","7","1985-07-30","1986-10-09","1"
"16","Cliente16","Apellido16","30","Femenino","149.66","68.98","188.15","Normal","9","1987-06-13","1982-04-04","1"
"17","Cliente17","Apellido17","47","Masculino","151.82","46.31","177.90","Flexibilidad","4","1983-11-16","1995-06-26","1"
"18","Cliente18","Apellido18","31","Femenino","157.09","67.25","247.83","Fuerza","9","1974-11-30","2019-02-10","1"
"19","Cliente19","Apellido19","34","Masculino","166.74","96.39","188.75","Fuerza","1","1980-10-30","1981-02-13","1"
"20","Cliente20","Apellido20","39","Femenino","168.54","79.29","76.73","Fuerza","1","2000-03-01","2021-03-08","1"
"21","Cliente21","Apellido21","43","Masculino","143.34","40.57","209.44","Flexibilidad","3","2019-01-21","2007-03-07","1"
"22","Cliente22","Apellido22","30","Femenino","166.53","63.8","248.71",,"9","2014-02-04","2009-02-24","1"
"23","Cliente23","Apellido23","45","Femenino","154.49","97.81","196.14",,"6","1983-03-08","2011-09-20","1"
"24","Cliente24","Apellido24","41","Masculino","165.84","76.93","77.95",,"8","1992-01-28","1988-11-22","1"
"25","Cliente25","Apellido25","36","Femenino","171.5","49.92","142.90",,"7","2013-09-18","1981-11-18","1"
"26","Cliente26","Apellido26","36","Femenino","168.3","40.69","237.04","Fuerza","4","2020-04-02","2013-12-30","1"
"27","Cliente27","Apellido27","41","Masculino","151.33","65.37","102.92","Normal","4","2012-11-16","1988-09-18","1"
"28","Cliente28","Apellido28","44","Masculino","164.25","57.28","174.27","Calistenia","3","2023-08-26","2023-01-18","1"
"29","Cliente29","Apellido29","20","Masculino","162.34","81.87","212.74","Flexibilidad","4","2012-04-18","1979-01-02","1"
"30","Cliente30","Apellido30","42","Masculino","152.07","67.68","130.31","Fuerza","9","1989-05-03","1986-04-26","1"
"31","Cliente31","Apellido31","39","Masculino","142.89","78.99","56.48","Calistenia","9","2014-09-08","2020-11-26","1"
"32","Cliente32","Apellido32","40","Femenino","171.78","47.14","92.21","Fuerza","8","2014-07-20","2004-01-06","1"
"33","Cliente33","Apellido33","31","Masculino","169.14","76.03","213.42","Calistenia","9","1974-11-14","2021-12-31","1"
"34","Cliente34","Apellido34","25","Masculino","144.8","43.04","228.69","Funcional","8","1997-09-01","1975-03-25","1"
"35","Cliente35","Apellido35","27","Femenino","146.33","95.87","86.24","Normal","0","1986-09-01","1988-07-10","1"
"36","Cliente36","Apellido36","27","Masculino","153.97","61.33","195.90","Fuerza","7","1982-06-20","2022-03-08","1"
"37","Cliente37","Apellido37","39","Masculino","172.23","92.82","246.83","Calistenia","4","2004-08-16","1992-08-29","1"
"38","Cliente38","Apellido38","47","Masculino","148.11","94.91","243.53","Normal","5","1998-04-19","1977-12-16","1"
"39","Cliente39","Apellido39","20","Femenino","171.95","50.36","143.40",,"6","1975-08-13","1983-04-21","1"
"40","Cliente40","Apellido40","23","Masculino","166.94","42.15","81.74","Fuerza","9","1988-10-07","1989-05-25","1"
"41","Cliente41","Apellido41","28","Femenino","158.46","50.75","152.34","Normal","5","1985-03-26","2013-12-13","1"
"42","Cliente42","Apellido42","38","Femenino","144.34","41.85","215.68","Normal","7","1990-11-14","2021-05-19","1"
"43","Cliente43","Apellido43","26","Masculino","157.28","62.98","173.83","Flexibilidad","8","1997-06-15","2021-01-29","1"
"44","Cliente44","Apellido44","39","Masculino","167.98","63.7","225.20","Calistenia","3","2016-10-13","1988-07-26","1"
"45","Cliente45","Apellido45","21","Masculino","141.78","86.07","191.14","Calistenia","0","2006-05-10","1985-05-02","1"
"46","Cliente46","Apellido46","42","Femenino","156.71","85.29","154.07","Funcional","1","1993-06-14","1988-08-26","1"
"47","Cliente47","Apellido47","39","Masculino","142.7","40.34","215.06","Normal","0","2022-09-19","1977-01-03","1"
"48","Cliente48","Apellido48","37","Masculino","174.35","53.6","161.40","Normal","8","1976-07-03","2013-02-09","1"
"49","Cliente49","Apellido49","25","Femenino","147.26","48.63","84.91","Aeróbico","6","2019-12-26","2004-10-20","1"
"50","Cliente50","Apellido50","38","Masculino","156.27","48.38","145.60","Flexibilidad","4","2014-09-23","1989-05-07","1"
"51","Cliente51","Apellido51","45","Femenino","173.76","78.89","191.69","Fuerza","8","1997-10-29","2021-05-09","1"
"52","Cliente52","Apellido52","39","Masculino","166.91","57.11","131.55","Calistenia","6","1978-07-25","1999-03-20","1"
"53","Cliente53","Apellido53","40","Masculino","152.62","76.53","69.48","Fuerza","0","2021-01-08","2009-02-04","1"
"54","Cliente54","Apellido54","27","Femenino","164.65","95.32","202.32","Normal","9","1999-05-13","1988-02-02","1"
"55","Cliente55","Apellido55","21","Masculino","177.8","59.57","209.14","Flexibilidad","6","2021-03-08","2000-05-18","1"
"56","Cliente56","Apellido56","24","Femenino","156.18","52.19","210.39","Funcional","5","1985-05-29","2018-11-17","1"
"57","Cliente57","Apellido57","24","Femenino","178.91","82.13","168.52",,"5","1976-08-19","2011-04-23","1"
"58","Cliente58","Apellido58","31","Masculino","171.04","77.24","205.17","Normal","7","1987-07-08","2003-09-01","1"
"59","Cliente59","Apellido59","43","Masculino","167.12","54.27","80.97","Normal","8","2023-09-09","1996-11-15","1"
"60","Cliente60","Apellido60","39","Femenino","154.89","49.57","186.09","Flexibilidad","5","2018-03-28","1980-07-31","1"
"61","Cliente61","Apellido61","18","Masculino","145.9","65.5","186.48","Normal","6","1985-05-16","1975-01-23","1"
"62","Cliente62","Apellido62","35","Masculino","149.44","50.3","80.05","Calistenia","7","1977-03-07","1997-11-23","1"
"63","Cliente63","Apellido63","42","Masculino","179.99","71.83","180.66","Fuerza","4","2021-10-09","2023-09-16","1"
"64","Cliente64","Apellido64","45","Femenino","172.94","75.15","141.70","Aeróbico","2","1979-12-13","1996-12-14","1"
"65","Cliente65","Apellido65","20","Femenino","157.83","41.45","206.79",,"8","1980-07-08","1987-08-02","1"
"66","Cliente66","Apellido66","19","Masculino","140.51","98.22","212.66","Calistenia","3","2013-05-22","2020-01-14","1"
"67","Cliente67","Apellido67","41","Femenino","169.24","89.39","234.50","Calistenia","9","2008-11-08","1988-12-23","1"
"68","Cliente68","Apellido68","36","Femenino","171.64","50.97","158.21","Calistenia","1","2007-09-03","2014-12-29","1"
"69","Cliente69","Apellido69","46","Masculino","170.8","70.23","91.86","Aeróbico","0","1992-11-06","2023-10-06","1"
"70","Cliente70","Apellido70","23","Femenino","160.63","50.04","107.79","Flexibilidad","8","2003-12-12","1999-05-02","1"
"71","Cliente71","Apellido71","26","Femenino","164.74","65.16","98.31","Flexibilidad","0","2010-12-06","2010-09-11","1"
"72","Cliente72","Apellido72","34","Femenino","149.75","55.73","166.00","Normal","8","1984-10-17","2000-05-06","1"
"73","Cliente73","Apellido73","18","Femenino","155.81","93.41","102.88","Fuerza","4","2005-09-29","2001-01-23","1"
"74","Cliente74","Apellido74","24","Femenino","168.29","71.62","152.64","Flexibilidad","3","1975-09-21","1988-11-14","1"
"75","Cliente75","Apellido75","36","Masculino","149.28","45.04","194.92","Funcional","6","2009-11-26","2004-02-03","1"
"76","Cliente76","Apellido76","22","Femenino","157.85","68.49","57.06",,"6","2023-09-03","2019-01-01","1"
"77","Cliente77","Apellido77","32","Masculino","151.22","96.58","224.68","Aeróbico","0","1987-06-28","2000-06-14","1"
"78","Cliente78","Apellido78","23","Masculino","170.12","63.48","189.57","Funcional","4","2001-02-03","1980-04-20","1"
"79","Cliente79","Apellido79","18","Masculino","141.52","96.76","173.07","Calistenia","3","2023-01-31","2020-03-24","1"
"80","Cliente80","Apellido80","28","Masculino","146.8","72.52","89.90","Funcional","2","2015-01-27","2016-11-30","1"
"81","Cliente81","Apellido81","23","Masculino","175.51","98.15","86.40","Normal","4","2007-12-09","2012-04-16","1"
"82","Cliente82","Apellido82","24","Masculino","150.21","47.43","220.75","Flexibilidad","9","1977-11-29","1980-08-07","1"
"83","Cliente83","Apellido83","35","Masculino","173.9","56.02","208.43","Calistenia","4","1992-10-04","1979-08-15","1"
"84","Cliente84","Apellido84","35","Masculino","153.02","99.27","242.67",,"3","2008-07-12","2001-06-10","1"
"85","Cliente85","Apellido85","28","Masculino","166.84","60.06","181.74","Funcional","4","1998-10-10","2017-11-05","1"
"86","Cliente86","Apellido86","21","Masculino","163.52","62.72","75.96","Aeróbico","1","2007-09-05","2017-01-17","1"
"87","Cliente87","Apellido87","39","Masculino","174.81","82.87","242.42","Fuerza","4","2012-07-19","1982-05-16","1"
"88","Cliente88","Apellido88","32","Femenino","149.22","59.67","239.46",,"9","2006-06-20","2023-05-06","1"
"89","Cliente89","Apellido89","18","Masculino","152","56.2","140.09","Aeróbico","8","1975-12-09","2010-12-11","1"
"90","Cliente90","Apellido90","31","Masculino","162.07","78.64","162.97","Flexibilidad","7","2016-09-10","2000-11-21","1"
"91","Cliente91","Apellido91","44","Masculino","159.76","62.48","128.31",,"9","2000-12-02","2006-03-14","1"
"92","Cliente92","Apellido92","30","Femenino","162.93","99.06","90.26","Normal","6","2016-05-27","1984-02-28","1"
"93","Cliente93","Apellido93","34","Masculino","176.92","80.77","175.78","Normal","6","1979-07-30","1996-09-17","1"
"94","Cliente94","Apellido94","20","Femenino","156.49","92.39","75.93","Normal","7","1990-03-18","2016-07-26","1"
"95","Cliente95","Apellido95","39","Masculino","168.55","41.61","248.58","Flexibilidad","4","1996-06-27","2001-03-20","1"
"96","Cliente96","Apellido96","37","Femenino","147.52","68.21","207.43","Aeróbico","2","1986-12-22","1977-01-17","1"
"97","Cliente97","Apellido97","32","Femenino","163.09","43.45","161.22","Fuerza","3","2022-11-09","2022-06-05","1"
"98","Cliente98","Apellido98","21","Masculino","167.59","54.96","85.42","Normal","1","2005-10-17","2005-01-02","1"
"99","Cliente99","Apellido99","42","Femenino","151.02","71.97","217.44","Fuerza","4","2005-12-09","1996-02-20","1"
"100","Cliente100","Apellido100","39","Femenino","153.19","97.45","209.68","Normal","2","1991-08-16","1990-12-29","1"
"101","Cliente101","Apellido101","29","Femenino","148.04","64.73","141.54","Normal","8","2010-06-30","1987-12-31","1"
"102","Cliente102","Apellido102","42","Femenino","172.96","74.43","129.51","Calistenia","1","1979-12-08","2022-09-08","1"
"103","Cliente103","Apellido103","33","Masculino","160.17","59.08","65.40","Aeróbico","9","2007-11-16","1980-08-04","1"
"104","Cliente104","Apellido104","29","Masculino","157.67","54.47","226.13","Fuerza","7","1986-12-30","2001-01-14","1"
"105","Cliente105","Apellido105","20","Masculino","179.47","86.72","236.69","Funcional","8","2010-03-31","1982-01-11","1"
"106","Cliente106","Apellido106","29","Masculino","173.65","40.14","147.57","Aeróbico","6","2015-01-06","1982-02-09","1"
"107","Cliente107","Apellido107","38","Femenino","179.6","73.33","211.42","Funcional","4","2023-08-06","1984-03-28","1"
"108","Cliente108","Apellido108","47","Masculino","150.97","43.72","147.51","Calistenia","7","2013-02-13","1987-07-17","1"
"109","Cliente109","Apellido109","18","Femenino","146.3","56.53","231.10","Fuerza","7","1982-10-01","1984-03-25","1"
"110","Cliente110","Apellido110","33","Masculino","153.5","49.23","201.31","Funcional","3","1988-06-10","1995-02-18","1"
"111","Cliente111","Apellido111","41","Masculino","145.17","63.11","157.64","Aeróbico","0","1988-11-04","2006-03-12","1"
"112","Cliente112","Apellido112","38","Masculino","165.1","47.59","200.13","Funcional","6","1976-06-09","1977-01-04","1"
"113","Cliente113","Apellido113","43","Masculino","169.1","55.06","64.52","Fuerza","8","2007-11-18","2016-09-10","1"
"114","Cliente114","Apellido114","41","Masculino","172.57","86.94","143.82","Flexibilidad","5","1978-01-19","1980-04-30","1"
"115","Cliente115","Apellido115","36","Masculino","161.89","56.87","202.86","Flexibilidad","5","2021-09-03","2000-07-25","1"
"116","Cliente116","Apellido116","24","Femenino","167.71","67.15","86.81","Aeróbico","2","1993-05-11","2008-07-07","1"
"117","Cliente117","Apellido117","39","Femenino","147.2","93.25","229.59",,"4","1987-12-18","2008-07-19","1"
"118","Cliente118","Apellido118","29","Masculino","179.59","90.4","96.21","Fuerza","4","1999-03-22","2020-10-21","1"
"119","Cliente119","Apellido119","43","Masculino","162.09","82.36","224.77","Calistenia","6","2003-07-28","2015-06-03","1"
"120","Cliente120","Apellido120","37","Femenino","161.57","76.52","135.18","Funcional","2","2010-02-23","1989-02-01","1"
"121","Cliente121","Apellido121","38","Masculino","151.69","80.1","142.95","Funcional","2","2022-02-17","1993-04-03","1"
"122","Cliente122","Apellido122","47","Masculino","147.95","94.72","242.83","Normal","5","2004-05-25","2004-01-30","1"
"123","Cliente123","Apellido123","42","Femenino","147.61","48.52","77.71","Calistenia","9","1984-07-10","2012-12-30","1"
"124","Cliente124","Apellido124","40","Masculino","179.41","87.63","52.61","Fuerza","3","1981-11-05","2018-09-20","1"
"125","Cliente125","Apellido125","18","Femenino","162.74","80.81","189.05","Aeróbico","0","2016-08-11","1999-06-15","1"
"126","Cliente126","Apellido126","18","Femenino","144.89","81.34","65.56","Funcional","3","1978-04-16","2000-07-08","1"
"127","Cliente127","Apellido127","36","Femenino","159.15","63.42","153.13","Funcional","4","2013-02-14","1991-07-22","1"
"128","Cliente128","Apellido128","36","Masculino","161.45","67.88","192.88","Calistenia","7","2014-05-22","1986-06-26","1"
"129","Cliente129","Apellido129","23","Femenino","173.67","49.56","104.17","Flexibilidad","5","2013-04-26","2004-08-17","1"
"130","Cliente130","Apellido130","27","Masculino","177.31","72.59","233.50","Flexibilidad","0","2008-10-05","2001-11-23","1"
"131","Cliente131","Apellido131","27","Masculino","144.42","95.52","109.04","Fuerza","6","1975-12-14","2024-03-12","1"
"132","Cliente132","Apellido132","21","Femenino","154.9","54.42","66.85","Fuerza","2","2017-02-08","1975-06-25","1"
"133","Cliente133","Apellido133","31","Masculino","154.18","84.33","176.14","Flexibilidad","7","2016-06-18","2003-12-10","1"
"134","Cliente134","Apellido134","35","Femenino","155.84","47.03","129.65","Fuerza","0","2019-06-09","2000-04-02","1"
"135","Cliente135","Apellido135","21","Masculino","153.29","55.11","102.50","Aeróbico","9","2008-09-04","1995-06-07","1"
"136","Cliente136","Apellido136","46","Masculino","151.46","60.7","223.11","Funcional","8","2001-08-27","1990-09-27","1"
"137","Cliente137","Apellido137","18","Femenino","177.48","83.23","208.28",,"6","1992-12-14","2007-09-02","1"
"138","Cliente138","Apellido138","41","Femenino","150.13","70.11","199.82","Calistenia","9","2021-12-20","2005-06-16","1"
"139","Cliente139","Apellido139","40","Femenino","171.43","46.64","89.24","Fuerza","6","2007-10-08","1989-09-17","1"
"140","Cliente140","Apellido140","32","Masculino","178.44","98.82","53.79","Calistenia","7","2019-09-04","2007-07-21","1"
"141","Cliente141","Apellido141","30","Femenino","170.91","92.73","65.15",,"4","2014-11-06","1999-04-12","1"
"142","Cliente142","Apellido142","46","Masculino","145.14","44.47","247.52",,"6","1979-04-13","1990-03-09","1"
"143","Cliente143","Apellido143","39","Femenino","157.39","77.74","218.06","Funcional","0","2008-06-25","2002-10-08","1"
"144","Cliente144","Apellido144","24","Femenino","143.11","50.16","172.63","Aeróbico","9","2020-09-23","1998-07-27","1"
"145","Cliente145","Apellido145","28","Masculino","149.68","64.7","116.40","Funcional","1","2005-10-17","2000-11-15","1"
"146","Cliente146","Apellido146","25","Femenino","145.36","61.9","134.59","Normal","8","2019-08-19","1975-05-10","1"
"147","Cliente147","Apellido147","36","Masculino","177.12","50.05","60.72",,"6","2022-09-26","2016-01-28","1"
"148","Cliente148","Apellido148","39","Masculino","164.32","73.5","243.52","Calistenia","9","2020-10-23","1993-05-29","1"
"149","Cliente149","Apellido149","44","Femenino","146.5","47.42","76.04","Calistenia","0","2013-11-05","2023-04-10","1"
"150","Cliente150","Apellido150","32","Masculino","147.31","96.64","84.36","Normal","6","2023-05-27","2012-07-27","1"
"151","Cliente151","Apellido151","21","Femenino","146","42.39","199.80","Fuerza","8","1997-11-07","2023-12-14","1"
"152","Cliente152","Apellido152","31","Masculino","170.65","49.76","152.82","Normal","8","2019-02-05","1978-08-21","1"
"153","Cliente153","Apellido153","25","Femenino","179.29","55.31","115.82","Flexibilidad","4","2003-06-05","1981-05-20","1"
"154","Cliente154","Apellido154","19","Femenino","142.38","62.97","197.23","Aeróbico","4","1991-03-06","1976-03-01","1"
"155","Cliente155","Apellido155","42","Masculino","172.08","54.04","202.77","Normal","2","2018-04-11","1988-02-20","1"
"156","Cliente156","Apellido156","25","Masculino","173.44","88.7","159.92","Funcional","9","1991-12-03","1999-09-29","1"
"157","Cliente157","Apellido157","33","Masculino","178.33","69.29","163.17","Funcional","1","1997-07-28","2009-03-29","1"
"158","Cliente158","Apellido158","45","Femenino","154.61","98.73","209.64","Normal","8","2012-12-29","1999-03-29","1"
"159","Cliente159","Apellido159","42","Femenino","170.03","88.4","206.20","Aeróbico","0","1976-08-14","1997-10-24","1"
"160","Cliente160","Apellido160","41","Masculino","156.54","99.81","198.78",,"4","1980-05-26","2016-05-30","1"
"161","Cliente161","Apellido161","22","Masculino","141.96","60.09","155.37","Fuerza","5","1976-09-20","2021-04-11","1"
"162","Cliente162","Apellido162","31","Masculino","177.56","71.44","210.68","Aeróbico","8","1987-06-14","2011-11-25","1"
"163","Cliente163","Apellido163","18","Masculino","177.73","69.64","178.02",,"6","2013-10-31","2022-09-06","1"
"164","Cliente164","Apellido164","34","Femenino","151.42","81.5","170.38","Flexibilidad","8","1997-11-19","2021-11-20","1"
"165","Cliente165","Apellido165","37","Masculino","169.36","54.67","54.22","Funcional","7","1981-02-21","1977-07-24","1"
"166","Cliente166","Apellido166","20","Femenino","175.79","74.69","91.30","Funcional","8","2001-08-07","1990-12-18","1"
"167","Cliente167","Apellido167","47","Femenino","157.37","73.26","143.80","Fuerza","0","1975-09-10","1981-06-27","1"
"168","Cliente168","Apellido168","29","Masculino","149.06","60.01","247.74","Flexibilidad","7","1978-12-14","2009-04-08","1"
"169","Cliente169","Apellido169","41","Masculino","168.61","72.16","156.91","Normal","7","2004-04-25","1981-12-04","1"
"170","Cliente170","Apellido170","19","Femenino","148.17","41.26","148.54","Funcional","5","2003-07-09","1998-08-19","1"
"171","Cliente171","Apellido171","27","Masculino","155.63","84.25","153.04","Funcional","2","2011-03-02","1998-12-21","1"
"172","Cliente172","Apellido172","40","Masculino","173.97","75.33","129.28","Calistenia","8","1984-08-27","2008-12-06","1"
"173","Cliente173","Apellido173","22","Femenino","175.64","89.92","147.35","Flexibilidad","2","2007-09-07","1975-05-16","1"
"174","Cliente174","Apellido174","45","Femenino","144.7","93.68","74.19","Flexibilidad","2","2002-02-15","1999-05-08","1"
"175","Cliente175","Apellido175","23","Masculino","147.48","95.2","57.81","Aeróbico","0","1974-10-08","1985-03-16","1"
"176","Cliente176","Apellido176","46","Masculino","177.66","78.96","134.35","Calistenia","5","2013-08-05","2001-06-13","1"
"177","Cliente177","Apellido177","37","Femenino","153.71","48.67","188.83","Normal","1","2003-12-20","1987-12-12","1"
"178","Cliente178","Apellido178","30","Femenino","152.08","86.42","242.45","Aeróbico","5","2006-12-24","2021-12-05","1"
"179","Cliente179","Apellido179","23","Femenino","166.64","86.25","221.21","Flexibilidad","2","2001-12-24","2002-11-28","1"
"180","Cliente180","Apellido180","42","Femenino","148.97","96.47","56.66","Funcional","6","2022-01-30","2005-03-12","1"
"181","Cliente181","Apellido181","41","Femenino","157.22","93.26","79.44","Normal","9","2004-07-30","2013-10-27","1"
"182","Cliente182","Apellido182","44","Femenino","176.52","67.34","158.00","Funcional","0","2013-03-30","1975-05-24","1"
"183","Cliente183","Apellido183","24","Masculino","156.77","65.58","224.66","Normal","8","1982-11-16","1989-08-13","1"
"184","Cliente184","Apellido184","47","Femenino","150.59","87.36","80.61","Funcional","5","2002-06-11","1993-08-09","1"
"185","Cliente185","Apellido185","40","Femenino","161.11","85.04","84.09","Fuerza","4","1992-03-18","1986-10-31","1"
"186","Cliente186","Apellido186","42","Femenino","175.76","90.83","160.89","Calistenia","4","1986-08-15","2008-12-12","1"
"187","Cliente187","Apellido187","26","Masculino","158.3","94.9","90.51","Calistenia","7","1981-09-06","2020-07-18","1"
"188","Cliente188","Apellido188","42","Femenino","175.25","88.14","123.59","Aeróbico","0","2024-03-08","1982-07-24","1"
"189","Cliente189","Apellido189","23","Masculino","149.79","50","69.80","Flexibilidad","6","2004-02-16","1974-11-06","1"
"190","Cliente190","Apellido190","40","Femenino","156.58","93.48","92.76","Funcional","3","2000-06-21","2004-09-15","1"
"191","Cliente191","Apellido191","33","Masculino","172.44","76.64","173.94","Calistenia","4","1995-10-15","2002-07-24","1"
"192","Cliente192","Apellido192","31","Masculino","168.27","68.26","96.90",,"0","2014-08-16","1989-11-16","1"
"193","Cliente193","Apellido193","43","Masculino","168.35","85.55","183.82","Normal","3","2001-03-15","2008-07-14","1"
"194","Cliente194","Apellido194","23","Masculino","160.14","68.02","214.87",,"1","1999-07-23","2020-01-12","1"
"195","Cliente195","Apellido195","46","Masculino","158.87","98.59","143.39","Funcional","6","1978-10-28","1990-05-08","1"
"196","Cliente196","Apellido196","38","Masculino","160.69","80.24","210.34","Flexibilidad","5","1979-05-30","1986-02-26","1"
"197","Cliente197","Apellido197","21","Masculino","150.58","60.41","231.47","Aeróbico","8","1987-01-18","2016-07-12","1"
"198","Cliente198","Apellido198","34","Masculino","164.22","57.13","172.23","Calistenia","1","2013-06-12","1994-04-04","1"
"199","Cliente199","Apellido199","28","Femenino","172.83","50.09","125.75","Funcional","8","1980-05-30","1975-11-25","1"
"200","Cliente200","Apellido200","24","Masculino","143.62","41.13","214.51","Normal","8","1979-06-20","2021-09-29","1"
"201","Cliente201","Apellido201","34","Femenino","166.99","60.97","194.59","Aeróbico","6","1993-07-05","2019-07-03","1"
"202","Cliente202","Apellido202","37","Femenino","159.61","88.97","171.94","Fuerza","1","2021-07-26","1986-01-28","1"
"203","Cliente203","Apellido203","37","Masculino","144","66.79","236.37","Funcional","8","2021-04-23","1979-09-30","1"
"204","Cliente204","Apellido204","26","Femenino","171.94","88.43","178.06",,"9","1996-10-18","1983-03-14","1"
"205","Cliente205","Apellido205","31","Femenino","174.1","82.94","54.20","Flexibilidad","7","1986-08-03","1994-04-03","1"
"206","Cliente206","Apellido206","40","Femenino","153.93","99.5","232.70","Fuerza","2","2007-09-19","1974-06-06","1"
"207","Cliente207","Apellido207","47","Femenino","177.99","87.01","63.71","Flexibilidad","7","1984-06-02","1987-10-21","1"
"208","Cliente208","Apellido208","25","Masculino","169.84","64.87","216.85","Flexibilidad","1","1979-07-18","2020-07-08","1"
"209","Cliente209","Apellido209","38","Masculino","144.38","89.99","217.46","Fuerza","9","1996-09-07","2024-04-29","1"
"210","Cliente210","Apellido210","28","Femenino","160.46","66.08","177.81","Flexibilidad","5","2023-02-19","1999-03-14","1"
"211","Cliente211","Apellido211","31","Femenino","148.88","98.64","94.09","Calistenia","1","2002-06-08","1993-02-27","1"
"212","Cliente212","Apellido212","42","Masculino","154.53","60.86","179.71","Calistenia","0","1990-12-30","2015-06-10","1"
"213","Cliente213","Apellido213","44","Femenino","175.76","83.92","245.68","Fuerza","5","1992-09-22","1997-09-15","1"
"214","Cliente214","Apellido214","41","Masculino","175.58","83.88","247.72",,"7","1991-12-20","1979-03-03","1"
"215","Cliente215","Apellido215","35","Masculino","145.52","50.06","134.85","Fuerza","8","2012-06-03","1987-06-18","1"
"216","Cliente216","Apellido216","47","Femenino","155.54","97.16","169.68","Normal","8","1975-12-16","2013-04-12","1"
"217","Cliente217","Apellido217","24","Masculino","145.29","77","187.33","Fuerza","8","1997-09-17","2019-07-09","1"
"218","Cliente218","Apellido218","44","Masculino","140.33","78.65","89.16","Normal","6","2019-12-06","1999-01-19","1"
"219","Cliente219","Apellido219","26","Femenino","150.77","94.26","192.79",,"1","2017-03-24","2010-01-29","1"
"220","Cliente220","Apellido220","18","Masculino","169.4","53.9","240.66","Normal","4","2010-07-05","1979-11-04","1"
"221","Cliente221","Apellido221","36","Masculino","153.89","64.34","247.40",,"6","1975-01-23","2021-11-20","1"
"222","Cliente222","Apellido222","26","Masculino","163.4","43.38","155.25","Aeróbico","7","2010-05-19","2014-06-01","1"
"223","Cliente223","Apellido223","22","Masculino","157.73","80.17","53.51","Normal","3","2000-03-18","2005-03-08","1"
"224","Cliente224","Apellido224","32","Masculino","162.65","54.81","157.04","Flexibilidad","0","1996-08-07","1996-05-08","1"
"225","Cliente225","Apellido225","22","Femenino","163.47","96.22","234.94",,"2","2024-04-27","2017-04-15","1"
"226","Cliente226","Apellido226","39","Masculino","155.83","80.3","84.18",,"6","1979-01-09","2000-04-24","1"
"227","Cliente227","Apellido227","38","Femenino","173.45","54.86","195.89","Flexibilidad","3","1976-10-22","1986-05-22","1"
"228","Cliente228","Apellido228","46","Masculino","155.57","76.72","228.45","Fuerza","4","2005-11-23","1999-05-01","1"
"229","Cliente229","Apellido229","29","Masculino","147.98","73.92","95.54","Aeróbico","5","2008-03-22","2023-02-20","1"
"230","Cliente230","Apellido230","22","Femenino","140.31","97.5","203.57","Flexibilidad","5","1989-04-19","1976-10-23","1"
"231","Cliente231","Apellido231","37","Masculino","143.75","54.22","230.66",,"3","2015-07-12","1978-01-02","1"
"232","Cliente232","Apellido232","21","Femenino","158.75","44.07","236.44","Aeróbico","4","2019-12-20","1976-03-31","1"
"233","Cliente233","Apellido233","34","Femenino","167.1","87.36","232.82","Calistenia","2","1987-03-23","1979-02-01","1"
"234","Cliente234","Apellido234","27","Femenino","140.96","85.84","199.69","Aeróbico","0","1990-07-20","2006-01-04","1"
"235","Cliente235","Apellido235","42","Femenino","149.24","61.89","76.18","Aeróbico","4","2006-05-14","1995-07-23","1"
"236","Cliente236","Apellido236","42","Masculino","179.93","48.93","199.89","Funcional","2","2005-12-02","2020-03-15","1"
"237","Cliente237","Apellido237","27","Masculino","161.99","91.73","182.36",,"6","1975-11-06","1975-10-26","1"
"238","Cliente238","Apellido238","46","Femenino","148.61","78.76","166.83","Flexibilidad","1","1981-03-21","1982-11-23","1"
"239","Cliente239","Apellido239","34","Masculino","174.23","61.5","94.91","Normal","5","1990-04-13","1988-08-13","1"
"240","Cliente240","Apellido240","33","Femenino","177.83","52.34","88.18","Funcional","1","1995-12-23","1999-10-18","1"
"241","Cliente241","Apellido241","40","Masculino","148.57","51.09","106.43",,"4","1994-06-20","1989-10-15","1"
"242","Cliente242","Apellido242","37","Masculino","149.86","69.28","190.11","Normal","0","2007-04-22","2002-09-28","1"
"243","Cliente243","Apellido243","22","Masculino","163.13","81.57","195.87","Aeróbico","6","1996-01-15","1980-11-03","1"
"244","Cliente244","Apellido244","37","Femenino","153.29","81.03","134.53","Normal","0","2023-07-13","1976-04-09","1"
"245","Cliente245","Apellido245","40","Femenino","153.34","93.71","145.09","Fuerza","0","2020-01-06","2007-06-28","1"
"246","Cliente246","Apellido246","30","Masculino","153.55","59.28","168.08","Flexibilidad","1","1980-07-17","1980-05-11","1"
"247","Cliente247","Apellido247","41","Masculino","171.31","55.24","234.28",,"4","1985-11-14","2000-12-11","1"
"248","Cliente248","Apellido248","18","Femenino","167.19","47.98","175.07",,"7","1992-10-07","1980-10-10","1"
"249","Cliente249","Apellido249","31","Femenino","145.56","74.48","141.33","Aeróbico","4","2001-09-06","1974-11-10","1"
"250","Cliente250","Apellido250","35","Femenino","146.51","91.01","202.50","Calistenia","0","2007-11-06","1995-04-06","1"
"251","Cliente251","Apellido251","45","Femenino","160.71","41.28","160.60","Fuerza","8","2017-10-31","2018-09-17","1"
"252","Cliente252","Apellido252","23","Femenino","144.64","99.92","178.98","Calistenia","2","2006-06-03","2015-12-17","1"
"253","Cliente253","Apellido253","40","Masculino","151.15","67.13","134.89",,"5","2000-06-02","1987-11-17","1"
"254","Cliente254","Apellido254","24","Femenino","169.79","45.52","95.22",,"5","2003-12-15","2011-06-04","1"
"255","Cliente255","Apellido255","20","Femenino","165.86","71.15","181.32",,"6","2018-12-19","1995-11-21","1"
"256","Cliente256","Apellido256","33","Femenino","140.24","56.88","127.71","Normal","3","2007-03-26","1987-11-04","1"
"257","Cliente257","Apellido257","36","Femenino","172.35","53.93","196.79","Flexibilidad","6","2004-02-15","2022-11-07","1"
"258","Cliente258","Apellido258","46","Femenino","145.71","96.56","107.03","Fuerza","1","1980-08-06","1975-07-03","1"
"259","Cliente259","Apellido259","25","Masculino","143.5","58.86","111.78","Fuerza","0","1994-05-03","1986-04-25","1"
"260","Cliente260","Apellido260","18","Femenino","167.16","50.74","221.59",,"1","1989-09-12","1979-07-10","1"
"261","Cliente261","Apellido261","30","Masculino","158.79","60.14","103.95","Funcional","8","2000-12-25","1992-03-08","1"
"262","Cliente262","Apellido262","42","Masculino","151.93","42.56","113.75","Aeróbico","3","2001-01-02","2013-06-14","1"
"263","Cliente263","Apellido263","38","Femenino","175.61","44.58","192.11","Funcional","4","2000-11-06","1980-01-10","1"
"264","Cliente264","Apellido264","18","Masculino","149.55","88.31","111.93","Normal","7","2010-06-30","2015-04-06","1"
"265","Cliente265","Apellido265","20","Femenino","179.41","63.67","53.32","Flexibilidad","4","1997-03-31","2005-12-13","1"
"266","Cliente266","Apellido266","24","Femenino","147.66","43.39","191.63","Funcional","7","1997-04-24","1998-09-03","1"
"267","Cliente267","Apellido267","46","Masculino","144.65","40.43","187.43","Funcional","0","1984-02-15","1974-07-01","1"
"268","Cliente268","Apellido268","35","Femenino","166.24","79.17","109.37","Aeróbico","7","2018-12-18","2007-11-22","1"
"269","Cliente269","Apellido269","27","Femenino","147.43","42","171.96","Flexibilidad","9","1987-11-08","1979-01-19","1"
"270","Cliente270","Apellido270","28","Femenino","177.08","79.76","156.45","Fuerza","7","1982-12-29","1982-10-29","1"
"271","Cliente271","Apellido271","38","Femenino","153.13","42","86.40",,"5","2019-10-17","1977-03-05","1"
"272","Cliente272","Apellido272","31","Masculino","167.32","51.95","239.34","Normal","8","1984-07-26","2001-06-03","1"
"273","Cliente273","Apellido273","45","Masculino","142.16","88.35","223.48","Flexibilidad","9","2013-06-27","2019-03-28","1"
"274","Cliente274","Apellido274","43","Femenino","155.29","96.02","154.30",,"4","1978-04-15","2014-01-31","1"
"275","Cliente275","Apellido275","25","Femenino","167.28","59.7","169.23","Flexibilidad","1","1976-04-13","2012-04-10","1"
"276","Cliente276","Apellido276","27","Femenino","158.84","81.52","59.32","Calistenia","6","1986-07-29","1982-02-20","1"
"277","Cliente277","Apellido277","46","Masculino","154.55","44.74","110.74","Calistenia","4","1992-07-03","1989-06-14","1"
"278","Cliente278","Apellido278","35","Femenino","151.93","43.98","137.45","Flexibilidad","6","2016-06-03","1978-04-11","1"
"279","Cliente279","Apellido279","22","Femenino","145.56","98.11","135.02","Calistenia","8","2001-02-14","1981-11-13","1"
"280","Cliente280","Apellido280","43","Femenino","143.96","57.56","83.23","Flexibilidad","2","2000-10-11","1996-04-21","1"
"281","Cliente281","Apellido281","29","Masculino","147.87","49.61","92.09","Fuerza","2","2003-01-27","2002-02-11","1"
"282","Cliente282","Apellido282","46","Masculino","147.21","81.21","228.60","Funcional","3","1999-02-15","1999-08-30","1"
"283","Cliente283","Apellido283","46","Masculino","165.12","54.49","114.75","Flexibilidad","4","1983-09-06","1995-09-22","1"
"284","Cliente284","Apellido284","30","Masculino","168.51","62.49","197.04","Aeróbico","5","2018-09-29","1979-04-27","1"
"285","Cliente285","Apellido285","23","Masculino","148.81","79.78","180.87","Calistenia","4","2004-03-24","1991-03-01","1"
"286","Cliente286","Apellido286","21","Femenino","161.07","94.81","247.52","Calistenia","0","1998-01-11","1996-03-11","1"
"287","Cliente287","Apellido287","25","Masculino","171.04","63.16","170.39",,"4","1988-10-08","2014-04-28","1"
"288","Cliente288","Apellido288","44","Femenino","143.09","50.7","181.87",,"8","1980-10-10","1981-01-20","1"
"289","Cliente289","Apellido289","39","Femenino","170.73","93.43","79.49","Normal","8","2012-09-09","1998-11-23","1"
"290","Cliente290","Apellido290","43","Femenino","140.18","93.64","141.30","Fuerza","6","2006-03-12","1978-06-09","1"
"291","Cliente291","Apellido291","33","Femenino","152.73","57.52","150.93","Fuerza","7","1990-07-12","2013-09-04","1"
"292","Cliente292","Apellido292","19","Femenino","165.08","69.41","164.01","Funcional","1","1984-03-01","2001-07-25","1"
"293","Cliente293","Apellido293","44","Femenino","149.97","60.09","235.26","Fuerza","3","1979-07-22","2003-07-03","1"
"294","Cliente294","Apellido294","29","Femenino","158.99","50.41","138.74","Fuerza","1","1989-05-05","2022-12-28","1"
"295","Cliente295","Apellido295","19","Masculino","154.05","68.99","122.37","Funcional","7","1999-11-10","2008-11-14","1"
"296","Cliente296","Apellido296","20","Masculino","143.51","42.61","240.87","Fuerza","3","1984-10-01","1977-09-10","1"
"297","Cliente297","Apellido297","26","Femenino","156.47","45.17","89.19",,"0","1978-04-04","1996-04-05","1"
"298","Cliente298","Apellido298","19","Femenino","161.08","42.37","173.33","Flexibilidad","9","1975-07-13","1976-03-20","1"
"299","Cliente299","Apellido299","44","Femenino","141.46","73.98","194.42","Flexibilidad","3","2013-07-21","1978-10-25","1"
"300","Cliente300","Apellido300","45","Femenino","152.99","51.58","248.12","Funcional","8","2006-01-16","2017-05-11","1"
"301","Cliente301","Apellido301","36","Femenino","144.89","91.37","232.82","Normal","2","2007-12-12","1982-04-11","1"
"302","Cliente302","Apellido302","24","Femenino","153.52","92.81","127.32","Funcional","3","1992-04-17","2009-07-09","1"
"303","Cliente303","Apellido303","34","Femenino","174.41","74.64","111.24",,"0","1975-05-13","1990-07-12","1"
"304","Cliente304","Apellido304","31","Masculino","164.35","68.77","164.31","Funcional","3","1992-03-16","2020-06-26","1"
"305","Cliente305","Apellido305","31","Masculino","175.84","59.14","231.51","Fuerza","1","2016-07-02","2011-12-31","1"
"306","Cliente306","Apellido306","40","Masculino","144.97","62.17","144.97","Calistenia","9","1988-06-30","1980-05-12","1"
"307","Cliente307","Apellido307","25","Femenino","151.29","75.54","73.07",,"6","1981-04-20","2006-09-28","1"
"308","Cliente308","Apellido308","23","Femenino","164.91","77.18","96.03","Funcional","7","1976-01-15","1997-11-13","1"
"309","Cliente309","Apellido309","40","Masculino","161.76","54.65","167.68","Calistenia","2","1985-03-15","2020-10-16","1"
"310","Cliente310","Apellido310","18","Femenino","142.47","91.65","73.77","Normal","7","2000-08-04","2010-10-05","1"
"311","Cliente311","Apellido311","46","Femenino","158.49","85.17","125.46","Fuerza","0","2016-06-22","1986-03-07","1"
"312","Cliente312","Apellido312","28","Masculino","147.1","73.36","99.46","Aeróbico","1","1984-05-01","1989-04-22","1"
"313","Cliente313","Apellido313","21","Masculino","171.06","77.71","212.53","Calistenia","4","1988-02-10","2010-10-06","1"
"314","Cliente314","Apellido314","23","Masculino","178.78","72.03","202.23","Calistenia","7","2020-08-09","2016-03-13","1"
"315","Cliente315","Apellido315","35","Masculino","162.38","63.83","111.47","Funcional","8","1975-01-07","1998-03-13","1"
"316","Cliente316","Apellido316","37","Femenino","162.8","83.68","235.99","Aeróbico","5","2009-08-21","1981-06-20","1"
"317","Cliente317","Apellido317","30","Masculino","144.28","48.16","121.79","Funcional","8","2018-03-22","2022-02-16","1"
"318","Cliente318","Apellido318","43","Masculino","145.51","56.05","234.86",,"3","2016-11-15","1985-02-08","1"
"319","Cliente319","Apellido319","32","Masculino","169.73","76.54","213.02","Calistenia","7","2012-05-14","1983-12-07","1"
"320","Cliente320","Apellido320","27","Masculino","141.07","71.87","165.10","Calistenia","6","1993-06-15","2023-11-05","1"
"321","Cliente321","Apellido321","23","Femenino","146.29","96.34","94.65","Funcional","8","2012-07-06","1989-02-24","1"
"322","Cliente322","Apellido322","42","Femenino","151.76","77.93","105.70","Aeróbico","6","1987-06-29","1986-09-13","1"
"323","Cliente323","Apellido323","34","Femenino","176.2","98.98","89.95","Normal","6","2019-04-09","1996-06-14","1"
"324","Cliente324","Apellido324","32","Femenino","153.6","65.17","65.45","Normal","4","1991-11-28","2022-12-14","1"
"325","Cliente325","Apellido325","23","Femenino","172.51","65.76","191.69","Calistenia","1","1976-01-19","2004-07-15","1"
"326","Cliente326","Apellido326","20","Masculino","175.17","83.12","241.19","Fuerza","2","2005-06-06","2017-02-13","1"
"327","Cliente327","Apellido327","35","Femenino","170.45","57.46","84.28","Flexibilidad","4","2020-07-30","2016-04-04","1"
"328","Cliente328","Apellido328","35","Masculino","156.52","85.98","168.54","Fuerza","5","1988-02-11","1974-07-31","1"
"329","Cliente329","Apellido329","42","Masculino","170.86","84.7","132.15",,"8","1981-12-01","1991-03-07","1"
"330","Cliente330","Apellido330","41","Femenino","141.05","71.56","160.19","Calistenia","2","1993-02-26","2002-11-19","1"
"331","Cliente331","Apellido331","26","Masculino","164.77","89.67","106.28","Flexibilidad","7","2019-05-12","2015-06-20","1"
"332","Cliente332","Apellido332","35","Masculino","152.22","56.98","149.57","Fuerza","7","1993-04-01","1975-01-15","1"
"333","Cliente333","Apellido333","20","Masculino","167.11","55.62","103.76","Aeróbico","0","2006-10-20","1987-09-22","1"
"334","Cliente334","Apellido334","36","Femenino","158.54","84.27","109.77","Calistenia","5","1989-10-10","1977-05-15","1"
"335","Cliente335","Apellido335","36","Masculino","166.59","63.87","248.98",,"9","2011-04-22","1997-03-10","1"
"336","Cliente336","Apellido336","46","Masculino","156.82","97.96","163.76","Flexibilidad","0","2010-04-07","2007-06-15","1"
"337","Cliente337","Apellido337","43","Masculino","161.18","40.45","139.84","Calistenia","7","2015-08-09","1995-12-02","1"
"338","Cliente338","Apellido338","27","Femenino","160.61","93.37","230.45",,"5","2024-03-23","1999-08-07","1"
"339","Cliente339","Apellido339","32","Femenino","176.15","95.87","238.78","Flexibilidad","7","2013-06-04","1989-08-02","1"
"340","Cliente340","Apellido340","42","Masculino","166.85","56.27","118.48","Flexibilidad","4","1992-10-04","1986-02-08","1"
"341","Cliente341","Apellido341","45","Masculino","179.75","93.81","150.58",,"6","1995-02-19","2019-10-31","1"
"342","Cliente342","Apellido342","38","Masculino","140.3","62.56","221.38","Calistenia","2","1994-09-02","2007-09-28","1"
"343","Cliente343","Apellido343","44","Masculino","155.4","82.52","127.62",,"9","2019-03-28","1985-02-20","1"
"344","Cliente344","Apellido344","36","Femenino","172.05","88.88","183.93","Flexibilidad","5","1981-11-16","1988-09-15","1"
"345","Cliente345","Apellido345","18","Femenino","166.92","71.82","176.47","Aeróbico","9","2020-08-03","1999-02-22","1"
"346","Cliente346","Apellido346","26","Femenino","178.47","93.84","170.26","Funcional","7","1979-06-20","2014-12-29","1"
"347","Cliente347","Apellido347","25","Femenino","160.57","77.64","168.67","Normal","6","1976-01-03","1979-02-15","1"
"348","Cliente348","Apellido348","36","Masculino","145.59","69.56","58.81",,"5","1991-02-14","1994-10-21","1"
"349","Cliente349","Apellido349","46","Masculino","151.62","60.81","222.44","Calistenia","7","2023-04-01","1983-11-04","1"
"350","Cliente350","Apellido350","47","Femenino","162.75","59.49","233.47","Fuerza","3","1988-10-02","1992-09-14","1"
"351","Cliente351","Apellido351","18","Masculino","146.11","41.09","176.60","Normal","6","1977-11-01","1989-06-14","1"
"352","Cliente352","Apellido352","38","Masculino","176.75","62.96","81.41","Fuerza","7","1991-02-26","2015-07-06","1"
"353","Cliente353","Apellido353","44","Femenino","178.64","42.67","114.92","Aeróbico","4","1979-03-19","2019-08-19","1"
"354","Cliente354","Apellido354","40","Femenino","154.23","51.57","229.29","Flexibilidad","8","2002-04-16","1988-07-24","1"
"355","Cliente355","Apellido355","25","Masculino","176.57","49.59","61.29",,"8","1983-12-25","1998-10-19","1"
"356","Cliente356","Apellido356","22","Masculino","150.62","95.67","218.46","Funcional","6","1985-01-27","2019-11-29","1"
"357","Cliente357","Apellido357","20","Masculino","162.69","60.42","249.94","Flexibilidad","8","1998-11-14","1980-02-16","1"
"358","Cliente358","Apellido358","44","Femenino","157.31","81.45","81.28","Fuerza","0","2011-05-08","2020-11-29","1"
"359","Cliente359","Apellido359","34","Femenino","154.83","40.99","243.94",,"0","2022-05-29","1977-09-20","1"
"360","Cliente360","Apellido360","34","Femenino","143.96","78.73","236.08",,"7","1985-02-11","1995-12-18","1"
"361","Cliente361","Apellido361","32","Femenino","146.1","75.81","155.39",,"6","1990-11-09","2002-11-03","1"
"362","Cliente362","Apellido362","22","Masculino","166.62","44.33","122.85","Fuerza","9","1982-04-13","2003-07-12","1"
"363","Cliente363","Apellido363","34","Femenino","141.28","72.12","166.19","Funcional","7","1981-07-29","2022-11-06","1"
"364","Cliente364","Apellido364","35","Femenino","154.57","61.24","185.44","Funcional","5","1975-12-09","2020-04-19","1"
"365","Cliente365","Apellido365","32","Masculino","170.45","43.07","244.39","Fuerza","6","1976-06-02","1976-11-11","1"
"366","Cliente366","Apellido366","44","Femenino","179.23","60.48","202.87",,"6","2020-03-10","2007-10-17","1"
"367","Cliente367","Apellido367","30","Masculino","179.73","90.22","90.99","Aeróbico","9","2013-01-17","2010-10-11","1"
"368","Cliente368","Apellido368","38","Femenino","175.42","80.31","190.57","Aeróbico","3","2003-01-23","1975-06-24","1"
"369","Cliente369","Apellido369","36","Masculino","172.38","79.52","222.95","Funcional","1","1990-06-22","1976-06-20","1"
"370","Cliente370","Apellido370","40","Femenino","151.78","83.9","204.98","Fuerza","0","2008-01-29","2003-10-30","1"
"371","Cliente371","Apellido371","20","Masculino","161.33","52.42","137.10","Aeróbico","4","1988-11-30","2018-05-17","1"
"372","Cliente372","Apellido372","32","Femenino","162.69","90.84","157.09","Normal","0","1977-05-21","1999-09-10","1"
"373","Cliente373","Apellido373","37","Femenino","174.29","40.28","140.38","Calistenia","8","1993-05-17","2000-01-08","1"
"374","Cliente374","Apellido374","35","Masculino","153.99","70.21","143.58",,"7","2013-03-28","1980-01-12","1"
"375","Cliente375","Apellido375","41","Masculino","163.81","66.18","129.09","Fuerza","1","1985-10-22","2004-10-07","1"
"376","Cliente376","Apellido376","37","Masculino","153.27","69.8","147.62","Flexibilidad","2","1994-12-03","2020-04-14","1"
"377","Cliente377","Apellido377","37","Femenino","174.73","68.05","196.49","Calistenia","1","1987-11-17","2007-02-12","1"
"378","Cliente378","Apellido378","34","Femenino","163.87","43.74","154.24","Funcional","5","2004-04-18","2003-09-27","1"
"379","Cliente379","Apellido379","43","Masculino","168.34","62.25","195.81","Aeróbico","4","1985-05-18","2000-08-25","1"
"380","Cliente380","Apellido380","18","Femenino","163.5","83.66","225.12","Calistenia","3","2016-08-05","1987-09-25","1"
"381","Cliente381","Apellido381","23","Femenino","155.48","72.67","162.30","Calistenia","1","2004-05-01","2001-10-28","1"
"382","Cliente382","Apellido382","19","Femenino","155.88","55.08","63.21","Fuerza","6","1990-04-05","2006-01-21","1"
"383","Cliente383","Apellido383","41","Femenino","170.26","59.01","112.98","Fuerza","1","2024-02-06","1999-05-21","1"
"384","Cliente384","Apellido384","32","Femenino","145.82","98.17","132.13","Calistenia","4","2022-12-25","1991-05-07","1"
"385","Cliente385","Apellido385","24","Masculino","178.15","63.9","76.11","Aeróbico","8","2018-11-18","1981-06-09","1"
"386","Cliente386","Apellido386","46","Masculino","154.8","45.36","117.31","Funcional","0","2020-08-15","2015-03-22","1"
"387","Cliente387","Apellido387","38","Femenino","157.62","69.78","81.95","Funcional","0","2003-07-14","1980-07-18","1"
"388","Cliente388","Apellido388","22","Masculino","171.88","91.92","237.14","Normal","6","1985-06-14","2020-06-16","1"
"389","Cliente389","Apellido389","19","Masculino","140.99","40.65","246.01","Flexibilidad","3","2004-11-03","1986-07-16","1"
"390","Cliente390","Apellido390","36","Femenino","145.3","56.75","249.76","Calistenia","7","2001-06-23","1977-09-10","1"
"391","Cliente391","Apellido391","26","Femenino","160.07","68.49","223.75","Flexibilidad","9","2014-07-13","2023-10-27","1"
"392","Cliente392","Apellido392","31","Masculino","141.7","61.09","176.09","Normal","5","1989-10-22","1991-01-10","1"
"393","Cliente393","Apellido393","25","Masculino","169.65","87.49","196.68","Funcional","2","2002-07-27","2004-09-30","1"
"394","Cliente394","Apellido394","37","Masculino","160.18","54.55","189.78",,"7","2004-12-18","1987-12-28","1"
"395","Cliente395","Apellido395","32","Masculino","161.3","45.25","218.00","Flexibilidad","1","2022-12-14","1992-07-23","1"
"396","Cliente396","Apellido396","20","Femenino","164.28","57.65","180.03","Funcional","8","2006-12-03","2020-09-18","1"
"397","Cliente397","Apellido397","27","Masculino","175.9","62.64","88.73",,"6","1999-07-30","1990-07-11","1"
"398","Cliente398","Apellido398","44","Masculino","163.81","76.16","95.57","Funcional","9","1980-12-29","2003-03-27","1"
"399","Cliente399","Apellido399","33","Masculino","175.63","75.98","115.31",,"1","2002-04-14","1992-03-13","1"
"400","Cliente400","Apellido400","44","Femenino","179.66","61.27","209.75","Flexibilidad","2","2000-07-09","1993-02-03","1"
"401","Cliente401","Apellido401","38","Femenino","178.28","97.33","231.28","Fuerza","6","2022-01-22","2004-02-18","1"
"402","Cliente402","Apellido402","44","Masculino","156.92","67.94","61.97","Flexibilidad","3","1976-12-25","1986-12-17","1"
"403","Cliente403","Apellido403","44","Masculino","161.12","94.38","239.52","Normal","2","2013-10-14","2009-07-19","1"
"404","Cliente404","Apellido404","43","Masculino","147.88","96.48","73.15",,"4","1981-02-10","2021-11-07","1"
"405","Cliente405","Apellido405","37","Masculino","165.97","92.67","138.35","Fuerza","5","2022-11-14","1999-08-02","1"
"406","Cliente406","Apellido406","29","Masculino","145.56","58.62","76.84",,"2","2011-01-10","2002-04-04","1"
"407","Cliente407","Apellido407","30","Femenino","156.58","93.01","84.73","Calistenia","5","2014-12-14","2012-07-16","1"
"408","Cliente408","Apellido408","36","Masculino","141.85","45.5","113.80","Funcional","6","2011-06-06","2006-03-28","1"
"409","Cliente409","Apellido409","19","Masculino","155.1","75.61","217.12","Funcional","4","2014-02-03","1994-11-30","1"
"410","Cliente410","Apellido410","27","Femenino","157.13","69.35","82.22","Funcional","2","2023-03-21","1999-10-09","1"
"411","Cliente411","Apellido411","29","Masculino","149.8","86.3","74.76","Funcional","1","1983-01-12","1989-10-01","1"
"412","Cliente412","Apellido412","47","Femenino","148.6","74.69","99.23","Aeróbico","7","2013-05-09","1980-07-24","1"
"413","Cliente413","Apellido413","39","Femenino","169.49","84.68","152.19","Funcional","0","2004-08-22","1986-06-08","1"
"414","Cliente414","Apellido414","36","Femenino","142.62","99.28","198.70",,"5","2003-06-14","2000-02-01","1"
"415","Cliente415","Apellido415","23","Masculino","161.4","66.5","170.59","Fuerza","6","2017-11-18","1987-12-03","1"
"416","Cliente416","Apellido416","25","Masculino","169.05","59.91","146.15","Funcional","5","1986-01-22","2022-06-09","1"
"417","Cliente417","Apellido417","44","Masculino","142.54","56.32","84.02","Normal","6","2014-03-11","2022-08-30","1"
"418","Cliente418","Apellido418","34","Femenino","171.88","93.99","71.68",,"8","1979-03-14","1981-05-04","1"
"419","Cliente419","Apellido419","35","Masculino","145.76","73.9","128.60","Calistenia","1","2022-02-25","1988-12-13","1"
"420","Cliente420","Apellido420","30","Femenino","156.42","56.01","70.46","Fuerza","2","2018-11-30","1984-05-24","1"
"421","Cliente421","Apellido421","38","Femenino","171.82","45.39","62.54","Normal","0","2023-02-13","2022-11-01","1"
"422","Cliente422","Apellido422","20","Masculino","150.57","65.29","113.02","Funcional","6","2018-09-28","1987-08-13","1"
"423","Cliente423","Apellido423","28","Masculino","157.76","84.52","125.60","Fuerza","1","1977-07-18","2017-12-23","1"
"424","Cliente424","Apellido424","42","Femenino","151.83","52.67","83.71","Calistenia","5","2020-08-04","1986-08-14","1"
"425","Cliente425","Apellido425","34","Masculino","171.31","67.17","233.15","Calistenia","3","2018-09-14","1999-04-19","1"
"426","Cliente426","Apellido426","23","Masculino","147.34","94.24","243.93","Normal","7","2001-12-11","1977-12-06","1"
"427","Cliente427","Apellido427","27","Femenino","166.81","52.49","56.09","Aeróbico","5","2016-11-29","2019-01-16","1"
"428","Cliente428","Apellido428","20","Masculino","150.99","43.37","141.33","Normal","2","1990-12-14","1987-07-30","1"
"429","Cliente429","Apellido429","38","Masculino","172.38","72.77","110.46","Flexibilidad","4","1990-07-11","2023-12-19","1"
"430","Cliente430","Apellido430","18","Masculino","142.46","55.37","69.26","Fuerza","2","2012-05-26","2005-11-14","1"
"431","Cliente431","Apellido431","21","Femenino","154.48","49.25","187.01","Flexibilidad","7","1979-04-03","2012-05-23","1"
"432","Cliente432","Apellido432","32","Femenino","146.96","81.08","230.29","Aeróbico","5","2002-01-24","1996-12-25","1"
"433","Cliente433","Apellido433","30","Masculino","164.11","95.8","218.39","Funcional","5","1994-02-28","2009-03-01","1"
"434","Cliente434","Apellido434","39","Femenino","140.19","48.83","194.31","Calistenia","6","1982-09-06","2015-10-20","1"
"435","Cliente435","Apellido435","28","Masculino","148.84","60.09","52.21","Normal","2","1976-08-20","2018-10-25","1"
"436","Cliente436","Apellido436","38","Masculino","160.34","51.72","140.34","Fuerza","0","2023-06-06","2020-10-09","1"
"437","Cliente437","Apellido437","27","Masculino","163.65","43.36","151.24","Funcional","2","2004-11-06","2021-02-09","1"
"438","Cliente438","Apellido438","22","Femenino","156.5","60.27","140.30","Calistenia","8","1994-08-05","2005-04-04","1"
"439","Cliente439","Apellido439","21","Masculino","140.06","74.96","231.75",,"2","1980-08-18","1993-06-11","1"
"440","Cliente440","Apellido440","32","Masculino","140.8","78.68","82.73","Flexibilidad","9","1974-07-10","2014-06-30","1"
"441","Cliente441","Apellido441","47","Masculino","177.1","69.38","183.23","Flexibilidad","3","1976-02-25","1979-09-01","1"
"442","Cliente442","Apellido442","35","Masculino","151.98","92.63","147.43",,"5","2004-11-14","2010-12-14","1"
"443","Cliente443","Apellido443","23","Masculino","170.13","76.33","203.45","Normal","7","1977-11-17","2011-07-01","1"
"444","Cliente444","Apellido444","32","Femenino","142.46","50.61","189.93","Flexibilidad","7","1984-08-30","1986-09-08","1"
"445","Cliente445","Apellido445","29","Femenino","147.91","98.45","105.48","Aeróbico","4","2021-07-18","1983-10-10","1"
"446","Cliente446","Apellido446","44","Masculino","158.02","50.53","155.22","Normal","9","2004-08-26","2016-12-05","1"
"447","Cliente447","Apellido447","34","Masculino","144","65.84","220.76","Flexibilidad","3","1990-03-29","2002-01-16","1"
"448","Cliente448","Apellido448","23","Femenino","154.53","43.92","97.43","Flexibilidad","2","2013-05-11","2005-01-04","1"
"449","Cliente449","Apellido449","26","Masculino","150.38","78.69","139.18","Funcional","1","1984-04-28","1994-08-21","1"
"450","Cliente450","Apellido450","35","Masculino","165.26","97.06","222.08","Aeróbico","6","1975-08-11","1980-02-24","1"
"451","Cliente451","Apellido451","32","Femenino","166.68","90.39","89.54","Aeróbico","7","2006-08-03","1998-05-03","1"
"452","Cliente452","Apellido452","34","Masculino","140.31","79.98","111.77","Aeróbico","7","2006-05-04","2004-01-28","1"
"453","Cliente453","Apellido453","46","Femenino","170.7","56.2","59.49","Funcional","9","1989-11-02","2000-10-27","1"
"454","Cliente454","Apellido454","26","Masculino","146.09","85.64","119.35","Aeróbico","2","1987-05-20","2022-03-15","1"
"455","Cliente455","Apellido455","47","Femenino","150.3","84.46","236.53","Aeróbico","4","1989-12-16","2012-06-22","1"
"456","Cliente456","Apellido456","21","Femenino","146.32","44.32","227.24","Calistenia","4","2002-08-07","1977-11-28","1"
"457","Cliente457","Apellido457","28","Femenino","162.95","46.54","214.81",,"4","2019-10-26","1975-10-10","1"
"458","Cliente458","Apellido458","35","Masculino","155.16","88.41","229.41","Normal","6","1975-12-04","1976-12-10","1"
"459","Cliente459","Apellido459","43","Masculino","147.06","92.2","214.17","Aeróbico","0","1996-07-13","1986-04-24","1"
"460","Cliente460","Apellido460","22","Masculino","163.37","83.47","223.95","Calistenia","2","1983-12-04","2012-02-01","1"
"461","Cliente461","Apellido461","42","Masculino","177.12","90.51","135.08","Fuerza","7","1981-11-05","2021-04-15","1"
"462","Cliente462","Apellido462","40","Femenino","167.48","79.83","101.65","Funcional","7","1988-05-24","2002-12-27","1"
"463","Cliente463","Apellido463","47","Femenino","145.33","89.36","192.79","Normal","3","1997-12-07","1997-03-03","1"
"464","Cliente464","Apellido464","22","Masculino","171.65","90.36","214.66","Fuerza","5","1983-07-07","1998-05-20","1"
"465","Cliente465","Apellido465","22","Masculino","157.47","79.4","244.63","Flexibilidad","5","2018-10-20","1980-07-11","1"
"466","Cliente466","Apellido466","19","Femenino","179.94","45.91","149.40","Calistenia","4","1988-08-07","2013-12-21","1"
"467","Cliente467","Apellido467","44","Femenino","160.8","44.85","218.90","Flexibilidad","3","1979-11-01","2006-07-04","1"
"468","Cliente468","Apellido468","21","Masculino","145.35","51.06","154.04","Normal","6","2011-08-11","2012-07-18","1"
"469","Cliente469","Apellido469","30","Masculino","165","99.99","74.72","Fuerza","7","1986-05-29","1992-12-17","1"
"470","Cliente470","Apellido470","43","Masculino","162.83","73.4","64.26","Fuerza","2","2022-08-27","1998-08-22","1"
"471","Cliente471","Apellido471","32","Femenino","165.93","88.22","64.78","Flexibilidad","5","1975-07-19","2015-09-09","1"
"472","Cliente472","Apellido472","46","Masculino","140.53","74.3","213.74","Funcional","4","2022-03-22","1979-01-06","1"
"473","Cliente473","Apellido473","30","Masculino","155.59","98.73","194.89","Fuerza","2","2013-05-25","2007-10-22","1"
"474","Cliente474","Apellido474","47","Femenino","179.82","98.95","235.21","Fuerza","6","2017-08-12","1986-02-19","1"
"475","Cliente475","Apellido475","30","Femenino","170.62","64.72","202.65","Fuerza","6","2008-05-12","1986-03-02","1"
"476","Cliente476","Apellido476","43","Masculino","159.43","63.18","144.99","Calistenia","6","1993-07-01","2017-11-11","1"
"477","Cliente477","Apellido477","41","Femenino","163.58","49.51","54.75","Fuerza","1","1984-06-15","1996-07-27","1"
"478","Cliente478","Apellido478","29","Masculino","145.1","92.06","241.26","Calistenia","0","1995-05-25","1982-11-24","1"
"479","Cliente479","Apellido479","30","Femenino","162.92","51.02","89.73","Aeróbico","6","1986-08-24","1978-02-23","1"
"480","Cliente480","Apellido480","28","Masculino","141.96","50.06","188.26","Flexibilidad","6","1994-02-04","1976-12-06","1"
"481","Cliente481","Apellido481","45","Femenino","147.93","75.99","130.91","Calistenia","9","1982-03-15","1998-11-04","1"
"482","Cliente482","Apellido482","18","Femenino","173.36","65.76","178.95","Flexibilidad","7","1978-10-18","2007-12-10","1"
"483","Cliente483","Apellido483","45","Femenino","141.28","70.46","138.41","Fuerza","1","1999-11-11","2018-05-04","1"
"484","Cliente484","Apellido484","21","Masculino","143.55","73.23","150.53",,"7","2014-06-19","1987-06-17","1"
"485","Cliente485","Apellido485","20","Masculino","143.68","77.64","222.16","Funcional","5","2005-12-11","2011-03-29","1"
"486","Cliente486","Apellido486","24","Masculino","164.92","62.09","244.35",,"8","2023-07-30","1998-10-18","1"
"487","Cliente487","Apellido487","33","Masculino","162.85","87.61","100.79","Flexibilidad","6","1986-11-20","1989-05-23","1"
"488","Cliente488","Apellido488","25","Masculino","179.58","70.28","160.97","Calistenia","6","2004-04-11","2019-05-09","1"
"489","Cliente489","Apellido489","26","Masculino","140","68.09","118.06","Funcional","4","2002-09-26","1985-11-25","1"
"490","Cliente490","Apellido490","34","Masculino","162.37","68.19","184.36","Flexibilidad","7","1983-11-29","1981-09-19","1"
"491","Cliente491","Apellido491","43","Femenino","165.83","59.88","194.02","Fuerza","8","1997-08-08","2021-02-03","1"
"492","Cliente492","Apellido492","39","Masculino","174.66","46.94","245.84","Aeróbico","8","2005-01-04","1998-07-26","1"
"493","Cliente493","Apellido493","30","Femenino","159.3","86.08","128.55","Fuerza","1","1993-05-10","1987-03-23","1"
"494","Cliente494","Apellido494","43","Masculino","166.15","48.3","196.08","Calistenia","9","2011-09-01","2009-10-12","1"
"495","Cliente495","Apellido495","38","Femenino","178.25","97.19","229.37","Fuerza","4","2009-09-03","2015-12-03","1"
"496","Cliente496","Apellido496","46","Masculino","165.73","57.88","162.00","Flexibilidad","8","1997-10-08","2018-10-23","1"
"497","Cliente497","Apellido497","46","Masculino","157.17","85.79","155.50","Funcional","1","1987-02-16","2011-09-29","1"
"498","Cliente498","Apellido498","18","Masculino","172.28","94.13","67.99",,"4","1974-05-26","1991-04-11","1"
"499","Cliente499","Apellido499","27","Femenino","176.43","90.86","151.22","Flexibilidad","4","2017-11-19","2004-09-15","1"
"500","Cliente500","Apellido500","35","Femenino","172.48","95.98","95.81","Funcional","0","2015-07-17","1986-09-08","1"
"501","Cliente501","Apellido501","25","Femenino","179.34","45.66","154.24","Funcional","0","2009-12-24","2010-02-11","1"
"502","Adrián","Richards","34","Masculino","184","92","120.00","Funcional","2","2022-05-12","1990-04-09","1"
